Claim,Metric,Value,Method,Confidence,Evidence Classification
"VP Claim 1: Job boards are our biggest channel by a wide margin","Job Board Share of Hires","7 / 26 (26.92%)","Count of applications where Stage == 'Hired' and linked Candidate Source == 'Job Board' (7) divided by total applications where Stage == 'Hired' (26) in applications.json and candidates.json.","High","FACT"
"Sourcing channel comparison against VP Claim 1","Employee Referral Share of Hires","7 / 26 (26.92%)","Count of applications where Stage == 'Hired' and linked Candidate Source == 'Referral' (7) divided by total applications where Stage == 'Hired' (26) in applications.json and candidates.json.","High","FACT"
"Pipeline efficiency of Job Boards","Job Board Application-to-Hire Conversion Rate","7 / 236 (2.97%)","Count of hired applications with Candidate Source == 'Job Board' (7) divided by total applications with Candidate Source == 'Job Board' (236) in applications.json and candidates.json.","High","FACT"
"Pipeline efficiency of Employee Referrals","Employee Referral Application-to-Hire Conversion Rate","7 / 13 (53.85%)","Count of hired applications with Candidate Source == 'Referral' (7) divided by total applications with Candidate Source == 'Referral' (13) in applications.json and candidates.json.","High","FACT"
"Requisition lifecycle and pipeline status consistency","Active Applications on Inactive Requisitions Share","59 / 105 (56.19% of active; 59 / 350 = 16.86% of total)","Count of applications where Status == 'Active' attached to Job Openings where Status IN ('Filled', 'Cancelled') (59) divided by total applications where Status == 'Active' (105) in applications.json and job_openings.json.","High","FACT"
"Pipeline aging and recruiter disposition hygiene","Stale Active Applications Share (>90 Days)","58 / 105 (55.24% of active; 58 / 350 = 16.57% of total)","Count of applications where Status == 'Active' and Applied On < '2026-05-27' (58) divided by total applications where Status == 'Active' (105) in applications.json.","High","FACT"
"VP Claim 2: Offer acceptance rate is ~72%","Raw Offer Acceptance Rate (All Extended Offers)","26 / 36 (72.22%)","Count of offers where Status == 'Accepted' (26) divided by total offers in offers.json (36). Includes 5 unresolved Pending offers in denominator.","High","FACT"
"True candidate closing rate on decided offers","Closed Offer Acceptance Rate (Decided Offers Only)","26 / 31 (83.87%)","Count of offers where Status == 'Accepted' (26) divided by count of offers where Status IN ('Accepted', 'Declined') (31) in offers.json. Excludes 5 unresolved Pending offers.","High","FACT (Calculation) / INTERPRETATION (Metric choice)"
"Investigation of unclosed offer inventory inflating raw denominator","Pending Offer Count & Stale Decision Exposure","5 pending offers (13.89% of offers); 4 of 5 (80.0%) have past Decision On dates","Count of offers where Status == 'Pending' (5), and count of pending offers where Decision On is not null and precedes dataset cutoff (4) in offers.json.","High","FACT"
"Accuracy of sourcing channel attribution across applications","Cross-Entity Referral Attribution Discrepancy","24 applications (6.86% of total applications; includes 3 hired applications)","Count of applications where Referred By is populated but linked Candidate Source != 'Referral' (24) in applications.json and candidates.json. Source is stored strictly at Candidate level, not Application level.","Medium","AMBIGUOUS"
"Candidate deduplication and profile integrity","Duplicate Candidate Profile Count","6 pairs (12 candidate records; 4.00% of candidates)","Identified candidate records sharing identical Full Name, identical Phone, and identical Current Company across distinct Candidate IDs and emails in candidates.json.","High","FACT (Duplicate records) / INTERPRETATION (Profile splitting)"
"Evaluation scorecard alignment with hiring outcomes","Hires with Stored Negative Interview Recommendations Share","7 / 26 (26.92% of hires)","Count of applications where Stage == 'Hired' with >= 1 linked interview where stored Recommendation IN ('Strong No Hire', 'No Hire') (7) divided by total hires (26) in applications.json and interviews.json.","High","FACT (Stored field values) / AMBIGUOUS (Causal impact)"
"Origin and calibration of negative interview ratings","Single-Interviewer Negative Rating Concentration (Rakesh Sethi)","7 / 7 (100.0% of negative hire ratings); 28 of 30 interview records had a negative recommendation; 2 had no recommendation","Grouped all interviews by Interviewer ID ('recyNjT2YZqOFbyMW', Rakesh Sethi) in interviews.json; 28 of 30 interview records had a negative recommendation (26 'Strong No Hire', 2 'No Hire'), 2 had no recommendation, and 0 had a positive recommendation.","High","FACT"
